{
  "global_parameters": {
    "boundary_marker": "boundary",
    "channel_locations": "/sample_locs/GSN129.sfp",
    "down_sample": 0,
    "sampling_rate": 250,
    "delete_outerlayer": 1,
    "outerlayer_channel": [
      "E17",
      "E38",
      "E43",
      "E44",
      "E48",
      "E49",
      "E113",
      "E114",
      "E119",
      "E120",
      "E121",
      "E125",
      "E126",
      "E127",
      "E128",
      "E56",
      "E63",
      "E68",
      "E73",
      "E81",
      "E88",
      "E94",
      "E99",
      "E107"
    ],
    "highpass": 0.3,
    "lowpass": 40,
    "remove_baseline": 1,
    "baseline_window": [
      -100,
      0
    ],
    "voltthres_rejection": 1,
    "volt_threshold": [
      -125,
      125
    ],
    "interp_epoch": 1,
    "frontal_channels": [
      "E1",
      "E8",
      "E14",
      "E21",
      "E25",
      "E32",
      "E17"
    ],
    "interp_channels": 1,
    "rerefer_data": 1,
    "reref": [],
    "output_format": 1
  },
  "rest": {
    "make_dummy_events": true,
    "pre_latency": 0.5,
    "post_latency": 1,
    "num_dummy_events": 180,
    "dummy_event_spacing": 1,
    "marker_names": [
      "bas+"
    ]
  },
  "VEP": {
    "pre_latency": 0.5,
    "post_latency": 1,
    "marker_names": [
      "ch1+",
      "ch2+"
    ]
  },
  "MMN": {
    "pre_latency": 0.5,
    "post_latency": 1,
    "marker_names": [
      "stms",
      "stms"
    ]
  },
  "face": {
    "pre_latency": 0.5,
    "post_latency": 1,
    "marker_names": [
      "face"
    ]
  }
}
